{"cameraMode":{"drawMode":0,"name":"Shaded","section":"Shading Mode"},"sceneLighting":false,"audioPlay":false,"sceneViewState":{"m_AlwaysRefresh":false,"showFog":true,"showSkybox":false,"showFlares":true,"showImageEffects":true,"showParticleSystems":true,"showVisualEffectGraphs":true,"m_FxEnabled":true},"in2DMode":false,"pivot":{"x":1.294015645980835,"y":1.6734446287155152,"z":1.9942578077316285},"rotation":{"x":-0.0035972152836620809,"y":-0.03898980841040611,"z":-0.0001403761125402525,"w":0.9992350339889526},"size":0.1846259981393814,"orthographic":false}