{"cameraMode":{"drawMode":0,"name":"Shaded","section":"Shading Mode"},"sceneLighting":false,"audioPlay":false,"sceneViewState":{"m_AlwaysRefresh":false,"showFog":true,"showSkybox":false,"showFlares":true,"showImageEffects":true,"showParticleSystems":true,"showVisualEffectGraphs":true,"m_FxEnabled":true},"in2DMode":false,"pivot":{"x":0.4032703638076782,"y":1.1577565670013428,"z":-1.8518812656402588},"rotation":{"x":0.23536275327205659,"y":-0.008164000697433949,"z":0.0019770925864577295,"w":0.9718725085258484},"size":0.30210569500923159,"orthographic":true}