{"cameraMode":{"drawMode":0,"name":"Shaded","section":"Shading Mode"},"sceneLighting":true,"audioPlay":false,"sceneViewState":{"m_AlwaysRefresh":false,"showFog":true,"showSkybox":true,"showFlares":true,"showImageEffects":true,"showParticleSystems":true,"showVisualEffectGraphs":true,"m_FxEnabled":true},"in2DMode":false,"pivot":{"x":-0.08661383390426636,"y":0.19999974966049195,"z":-2.999908924102783},"rotation":{"x":0.0795232504606247,"y":-0.0693235918879509,"z":0.0055412407964468,"w":0.9944151043891907},"size":6.2968339920043949,"orthographic":true}