{"cameraMode":{"drawMode":0,"name":"Shaded","section":"Shading Mode"},"sceneLighting":false,"audioPlay":false,"sceneViewState":{"m_AlwaysRefresh":false,"showFog":true,"showSkybox":false,"showFlares":true,"showImageEffects":true,"showParticleSystems":true,"showVisualEffectGraphs":true,"m_FxEnabled":true},"in2DMode":false,"pivot":{"x":-2.301149845123291,"y":1.561619758605957,"z":-2.0899999141693117},"rotation":{"x":0.01979435607790947,"y":-0.030495604500174524,"z":0.0007947675767354667,"w":0.999437689781189},"size":0.8966673612594605,"orthographic":true}