{"cameraMode":{"drawMode":0,"name":"Shaded","section":"Shading Mode"},"sceneLighting":false,"audioPlay":false,"sceneViewState":{"m_AlwaysRefresh":false,"showFog":true,"showSkybox":false,"showFlares":true,"showImageEffects":true,"showParticleSystems":true,"showVisualEffectGraphs":true,"m_FxEnabled":true},"in2DMode":false,"pivot":{"x":0.3911961615085602,"y":1.1959789991378785,"z":-1.8265279531478882},"rotation":{"x":-0.7105720639228821,"y":-0.053734827786684039,"z":-0.054360780864953998,"w":0.6995651125907898},"size":0.38217177987098696,"orthographic":true}