{"cameraMode":{"drawMode":0,"name":"Shaded","section":"Shading Mode"},"sceneLighting":false,"audioPlay":false,"sceneViewState":{"m_AlwaysRefresh":false,"showFog":true,"showSkybox":false,"showFlares":true,"showImageEffects":true,"showParticleSystems":true,"showVisualEffectGraphs":true,"m_FxEnabled":true},"in2DMode":false,"pivot":{"x":-0.3100000023841858,"y":0.7699999809265137,"z":-1.9800000190734864},"rotation":{"x":-0.16541683673858643,"y":-0.10976618528366089,"z":-0.01833820529282093,"w":0.9800262451171875},"size":0.8660253882408142,"orthographic":true}